PC9,PC41,PC36,PC7,PC37,PC6,PC39,PC48,PC8,PC11,PC5,PC44,PC40,PC43,PC45,PC4,PC38,PC35,PC55,PC49,Attack Type
-1.3038805510643268,-0.051529392358507196,-0.5301776121272979,1.9654676839653156,0.7463400561186043,0.8640015065239948,-0.7720067727204258,-0.8051510936813361,1.7966565280395854,-1.6644740531162443,0.9079528821477746,-1.665116573129247,-0.5811807828388528,-1.0976468183244334,-0.0115931887271875,0.8882326203255231,-0.5775654892748548,0.41013411765641383,0.7877685545910794,2.499081048384085,0
0.2746683316283279,1.668357293046303,0.660887567336921,-1.7404348058630013,-0.025186794513291727,0.40263082686692464,-2.0186227780073804,-0.28454067357764684,-0.20581727514777226,0.6832765594709695,-1.4000348227154613,-0.39065129562662854,1.3038683131367557,0.14397106627623762,-0.6681028650850587,1.903028771111618,-2.0763818342876728,0.027316228673734694,-1.3048161248666499,-1.1861885174159048,2
-1.438006330832736,0.6013096504786801,-0.09925125855410441,1.0330576572629,-0.05886503558449428,0.5591511081608534,0.6892661876631392,-0.11214551224095323,-1.4037781914064105,0.9035902023363359,-0.4192447567145162,2.660841604128053,-0.5713713772538352,0.7495112028419302,1.9740016866466663,-0.21436025964064984,2.008605799992865,-0.9716774248943768,-0.26505572694127433,-1.1963057020929195,1
2.523607177764372,0.4727654356688703,1.314325699039753,-1.7627149601278922,-0.4736644828298445,2.467377550025588,2.3744239833611527,-0.3299674532465829,-0.5254374546592903,1.3279304512715695,0.8639592913857891,1.0608950975423528,-1.4248140596354888,-0.2591620336436585,-0.4388530815666284,-0.643761051008984,1.375426771495519,-0.873248161355406,-0.45929216295095165,1.0661320905659992,1
1.362727751497471,-0.8146334956868301,-0.8553427520226666,-0.3042373171593387,0.23018481732081778,-2.244261275997791,-0.5577864979934494,0.5306361619194647,-0.35370716799085167,-1.8143359850782625,-0.4646364430156435,-0.6407562358093253,1.1975894757609624,0.026400598360010106,-0.9155170863421807,-0.7305879498247598,-0.8238008191798496,0.6889541227291957,0.7556924697720382,-0.9494677309484538,0
-1.4191163789931072,-1.8762694911485167,-0.49044164367260534,0.8088617419220206,-0.4188085605117933,-2.0488997155795627,0.28472587769696467,1.0011685708270548,0.692083561164741,0.5640128251156317,0.5120038489120599,-1.0252125971052028,0.07590843083045944,0.43692598448991354,0.06006453507438863,-1.202552130962749,0.09371557125399481,0.7185211171904382,0.4857029903957589,-0.23325118849280602,0
